{
  "alignment": 0,
  "alignmentposition": 50,
  "alignmentx": 50,
  "alignmenty": 50,
  "alignmentz": 100,
  "rate": 100,
  "schemecolor": "0.7529411764705882 0.7529411764705882 0.7529411764705882",
  "volume": 50,
  "wec_brs": 50,
  "wec_con": 50,
  "wec_e": false,
  "wec_hue": 50,
  "wec_sa": 50
}